id,first_name,last_name,email,gender
1,Tonia,Lishman,tlishman0@harvard.edu,Female
2,Miriam,Pinnock,mpinnock1@miibeian.gov.cn,Female
3,Clarette,Coyett,ccoyett2@weebly.com,Female
4,Nevins,Wesker,nwesker3@mail.ru,Genderfluid
5,Uriel,Witnall,uwitnall4@infoseek.co.jp,Male
6,Charlie,Petrelluzzi,cpetrelluzzi5@reddit.com,Male
7,Fifi,Crix,fcrix6@shinystat.com,Female
8,Jeremiah,Wolfit,jwolfit7@t.co,Male
9,Edyth,Fotherby,efotherby8@edublogs.org,Female
10,Daffie,Castella,dcastella9@ftc.gov,Female
11,Irvin,Widdowson,iwiddowsona@statcounter.com,Male
12,Robbert,Bronger,rbrongerb@live.com,Male
13,Luciano,Klaes,lklaesc@mtv.com,Male
14,Davidde,Gulvin,dgulvind@newyorker.com,Male
15,Gerry,Burgill,gburgille@nydailynews.com,Female
16,Dietrich,Coatts,dcoattsf@blogspot.com,Male
17,Ilise,Fotherby,ifotherbyg@latimes.com,Female
18,Elvin,Bloggett,ebloggetth@clickbank.net,Male
19,Sonnie,Burton,sburtoni@livejournal.com,Female
20,Wilfred,Talloe,wtalloej@newyorker.com,Male
21,Garner,Pimme,gpimmek@marriott.com,Male
22,Lesly,Bern,lbernl@cbc.ca,Female
23,Jacquenetta,O'Doghesty,jodoghestym@facebook.com,Female
24,Mile,Pollett,mpollettn@indiatimes.com,Male
25,Aldwin,Walduck,awalducko@ucsd.edu,Male
26,Demetrius,Kubach,dkubachp@mail.ru,Male
27,Orella,Zecchi,ozecchiq@ihg.com,Female
28,Jarrid,Belham,jbelhamr@lycos.com,Male
29,Agnes,Stangroom,astangrooms@tripadvisor.com,Female
30,Carmel,Geelan,cgeelant@walmart.com,Female
31,Krishnah,O'Doghesty,kodoghestyu@cornell.edu,Bigender
32,Van,Staddart,vstaddartv@dion.ne.jp,Male
33,Carey,Edgett,cedgettw@washingtonpost.com,Male
34,Haleigh,McCrie,hmccriex@wsj.com,Female
35,Briana,Lanfranconi,blanfranconiy@addtoany.com,Female
36,Sabina,McCadden,smccaddenz@berkeley.edu,Female
37,Zack,Wade,zwade10@goo.ne.jp,Male
38,Jonathan,Kittiman,jkittiman11@scientificamerican.com,Male
39,Gerianne,Tolan,gtolan12@wikia.com,Female
40,Glyn,Alfonsetti,galfonsetti13@printfriendly.com,Male
41,Paolo,Cannop,pcannop14@github.com,Male
42,Munmro,Moulson,mmoulson15@devhub.com,Male
43,Jeri,Phillps,jphillps16@wordpress.com,Female
44,Henrie,Dodswell,hdodswell17@instagram.com,Female
45,Bailie,Esome,besome18@yellowbook.com,Male
46,Nalani,Tiplady,ntiplady19@blogs.com,Female
47,Meade,Mordacai,mmordacai1a@sphinn.com,Male
48,Tammie,Marland,tmarland1b@hugedomains.com,Female
49,Shaun,Surr,ssurr1c@engadget.com,Male
50,Marrissa,Humpatch,mhumpatch1d@myspace.com,Female
51,Cosimo,Whyberd,cwhyberd1e@slate.com,Male
52,Alex,Drysdell,adrysdell1f@seesaa.net,Male
53,Bret,Glasper,bglasper1g@google.de,Male
54,Rudd,MacGillicuddy,rmacgillicuddy1h@sbwire.com,Bigender
55,Bertine,Meaddowcroft,bmeaddowcroft1i@netlog.com,Female
56,Adara,Tefft,atefft1j@bbb.org,Female
57,Blondie,Wheelwright,bwheelwright1k@about.com,Female
58,Allx,Yann,ayann1l@yandex.ru,Female
59,Bevon,Sleeny,bsleeny1m@ycombinator.com,Male
60,Colan,Snel,csnel1n@wiley.com,Male
61,Mateo,Bodd,mbodd1o@ucoz.com,Male
62,Becki,Harly,bharly1p@yelp.com,Female
63,Brittany,O'Reilly,boreilly1q@angelfire.com,Female
64,Emiline,Seed,eseed1r@tripod.com,Female
65,James,MacGillivray,jmacgillivray1s@google.fr,Male
66,Saloma,Handslip,shandslip1t@scribd.com,Female
67,Joaquin,Whitehead,jwhitehead1u@gnu.org,Male
68,Beniamino,Beamont,bbeamont1v@163.com,Genderfluid
69,Chicky,Zamorano,czamorano1w@surveymonkey.com,Female
70,Westbrook,Oakley,woakley1x@purevolume.com,Male
71,Edd,Blakebrough,eblakebrough1y@ow.ly,Agender
72,Linell,Betje,lbetje1z@ebay.co.uk,Female
73,Guillemette,Theunissen,gtheunissen20@about.me,Female
74,Gratiana,Cuncarr,gcuncarr21@abc.net.au,Female
75,Lizabeth,Lowing,llowing22@ox.ac.uk,Female
76,Ricard,Ghidelli,rghidelli23@tinypic.com,Male
77,Layney,Braitling,lbraitling24@imageshack.us,Female
78,Mariette,Flintoft,mflintoft25@house.gov,Female
79,Winston,How,whow26@cdc.gov,Male
80,Rayshell,Fishbourne,rfishbourne27@webnode.com,Female
81,Faunie,Coldicott,fcoldicott28@de.vu,Female
82,Daniele,Heddy,dheddy29@posterous.com,Female
83,Happy,Foxon,hfoxon2a@businessweek.com,Female
84,Polly,Pierton,ppierton2b@dell.com,Female
85,Ruddy,Sinnatt,rsinnatt2c@hexun.com,Male
86,Romain,Gristock,rgristock2d@irs.gov,Male
87,Haily,Carlucci,hcarlucci2e@eventbrite.com,Male
88,Sada,Vale,svale2f@cdbaby.com,Female
89,Murial,Taborre,mtaborre2g@indiatimes.com,Female
90,Heather,Tarpey,htarpey2h@webnode.com,Female
91,Thayne,Pigot,tpigot2i@sciencedaily.com,Male
92,Herve,Squibbs,hsquibbs2j@google.com.au,Male
93,Emmalynne,Bloschke,ebloschke2k@accuweather.com,Female
94,Boycey,Lyvon,blyvon2l@fema.gov,Male
95,Tonie,Cockett,tcockett2m@ftc.gov,Female
96,Gunner,Withringten,gwithringten2n@smh.com.au,Male
97,Mame,Drezzer,mdrezzer2o@java.com,Polygender
98,Lane,Pittwood,lpittwood2p@vk.com,Non-binary
99,Hiram,Ivatts,hivatts2q@deviantart.com,Male
100,Shay,Ismirnioglou,sismirnioglou2r@latimes.com,Male
